<configs>

<!--	<remove xpath="//entitygroup/entity[starts-with(@name, 'animal')] -->

	<csv xpath="/entitygroups/entitygroup[@name='EnemyAnimalsBurntForest']/text()" delim="\n" op="add" >
		animalCrow, 3
	</csv>	
	<csv xpath="/entitygroups/entitygroup[@name='EnemyAnimalsDesert']/text()" delim="\n" op="add" >
		animalCrow, 8
	</csv>
	<csv xpath="/entitygroups/entitygroup[@name='EnemyAnimalsSnow']/text()" delim="\n" op="add" >
		animalEagle, 5
		animalPenguin, 5
	</csv>	
	<csv xpath="/entitygroups/entitygroup[@name='EnemyAnimalsWasteland']/text()" delim="\n" op="add" >
		animalBat, 8
		animalBats, 8
	</csv>	
	<csv xpath="/entitygroups/entitygroup[@name='WildGameForest']/text()" delim="\n" op="add" >
		animalRobin, 8
		animalEagle, 8
		animalAlcatraz, 8
	</csv>
	<csv xpath="/entitygroups/entitygroup[@name='WildGameForestNight']/text()" delim="\n" op="add" >
		animalBat, 8
		animalBats, 8
	</csv>
	
</configs>