<configs>
	<append xpath="/recipes" >
		<recipe name="VideoTV" count="1" craft_area="workbench" >
			<ingredient name="resourceMechanicalParts" count="10"/>
			<ingredient name="resourceElectricParts" count="10"/>
			<ingredient name="switch" count="1"/>
			<ingredient name="speaker" count="1"/>
			<ingredient name="glassBlockVariantHelper" count="1"/>
		</recipe>
		
		<recipe name="TVWall" count="1" craft_area="workbench" >
			<ingredient name="resourceMechanicalParts" count="10"/>
			<ingredient name="resourceElectricParts" count="10"/>
			<ingredient name="switch" count="1"/>
			<ingredient name="speaker" count="1"/>
			<ingredient name="glassBlockVariantHelper" count="1"/>
		</recipe>
		
		<recipe name="TheaterScreen" count="1" craft_area="workbench" >
			<ingredient name="resourceMechanicalParts" count="20"/>
			<ingredient name="resourceElectricParts" count="20"/>
			<ingredient name="switch" count="1"/>
			<ingredient name="speaker" count="2"/>
			<ingredient name="glassBlockVariantHelper" count="10"/>
		</recipe>
		
		<recipe name="BillboardVideoMP4" count="1" craft_area="workbench" >
			<ingredient name="resourceMechanicalParts" count="20"/>
			<ingredient name="resourceElectricParts" count="20"/>
			<ingredient name="switch" count="1"/>
			<ingredient name="speaker" count="2"/>
			<ingredient name="glassBlockVariantHelper" count="10"/>
		</recipe>
		
		<recipe name="Billboard01" count="1" craft_area="workbench" >
			<ingredient name="resourceMechanicalParts" count="10"/>
			<ingredient name="resourceElectricParts" count="10"/>
			<ingredient name="switch" count="1"/>
			<ingredient name="resourceCloth" count="50"/>
		</recipe>
	</append>
</configs>