<configs>
	<append xpath="/items">	
		<item name="CCTVSchematic">
			<property name="Extends" value="schematicNoQualityMaster"/>
			<property name="CreativeMode" value="Player"/>
			<property name="CustomIcon" value="CCTVSchematic"/>
			<property name="Unlocks" value="CCTV0-3"/>
			<effect_group tiered="false">
				<triggered_effect trigger="onSelfPrimaryActionEnd" action="ModifyCVar" cvar="CCTV0-3" operation="set" value="1"/>
				<triggered_effect trigger="onSelfPrimaryActionEnd" action="ModifyCVar" cvar="CCTV4-7" operation="set" value="1"/>
				<triggered_effect trigger="onSelfPrimaryActionEnd" action="ModifyCVar" cvar="CCTVLarge0-3" operation="set" value="1"/>
				<triggered_effect trigger="onSelfPrimaryActionEnd" action="ModifyCVar" cvar="CCTVLarge4-7" operation="set" value="1"/>
				<triggered_effect trigger="onSelfPrimaryActionEnd" action="ModifyCVar" cvar="CamPan0" operation="set" value="1"/>
				<triggered_effect trigger="onSelfPrimaryActionEnd" action="ModifyCVar" cvar="CamPan1" operation="set" value="1"/>
				<triggered_effect trigger="onSelfPrimaryActionEnd" action="ModifyCVar" cvar="CamPan2" operation="set" value="1"/>
				<triggered_effect trigger="onSelfPrimaryActionEnd" action="ModifyCVar" cvar="CamPan3" operation="set" value="1"/>
				<triggered_effect trigger="onSelfPrimaryActionEnd" action="ModifyCVar" cvar="CamPan4" operation="set" value="1"/>
				<triggered_effect trigger="onSelfPrimaryActionEnd" action="ModifyCVar" cvar="CamPan5" operation="set" value="1"/>
				<triggered_effect trigger="onSelfPrimaryActionEnd" action="ModifyCVar" cvar="CamPan6" operation="set" value="1"/>
				<triggered_effect trigger="onSelfPrimaryActionEnd" action="ModifyCVar" cvar="CamPan7" operation="set" value="1"/>		
				<triggered_effect trigger="onSelfPrimaryActionEnd" action="ModifyCVar" cvar="CamPanSm0" operation="set" value="1"/>
				<triggered_effect trigger="onSelfPrimaryActionEnd" action="ModifyCVar" cvar="CamPanSm1" operation="set" value="1"/>
				<triggered_effect trigger="onSelfPrimaryActionEnd" action="ModifyCVar" cvar="CamPanSm2" operation="set" value="1"/>
				<triggered_effect trigger="onSelfPrimaryActionEnd" action="ModifyCVar" cvar="CamPanSm3" operation="set" value="1"/>
				<triggered_effect trigger="onSelfPrimaryActionEnd" action="ModifyCVar" cvar="CamPanSm4" operation="set" value="1"/>
				<triggered_effect trigger="onSelfPrimaryActionEnd" action="ModifyCVar" cvar="CamPanSm5" operation="set" value="1"/>
				<triggered_effect trigger="onSelfPrimaryActionEnd" action="ModifyCVar" cvar="CamPanSm6" operation="set" value="1"/>
				<triggered_effect trigger="onSelfPrimaryActionEnd" action="ModifyCVar" cvar="CamPanSm7" operation="set" value="1"/>	
				<triggered_effect trigger="onSelfPrimaryActionEnd" action="ModifyCVar" cvar="solarCellSmall" operation="set" value="1"/>	
				<triggered_effect trigger="onSelfPrimaryActionEnd" action="GiveExp" exp="50"/>
			</effect_group>
		</item>
		<item name="solarCellSmall">
			<property name="Extends" value="partsMaster"/>
			<property name="CustomIcon" value="solarCell"/>
			<property name="CustomIconTint" value="240,230,140"/>
			<property name="Material" value="Mglass"/>
			<property name="SellableToTrader" value="false"/>
			<property name="UnlockedBy" value="perkAdvancedEngineering,CCTVSchematic"/>
		</item>
	</append>
</configs>